{
  "learning_rate": 0.03774886431673869,
  "num_leaves": 17,
  "max_depth": 7,
  "min_child_samples": 42,
  "feature_fraction": 0.9979409174739313,
  "bagging_fraction": 0.9917660071847932,
  "bagging_freq": 4,
  "lambda_l1": 0.017114126307347505,
  "lambda_l2": 0.11707110579190033,
  "min_split_gain": 0.2650766972001503
}