{
  "learning_rate": 0.061161620384064634,
  "depth": 4,
  "l2_leaf_reg": 7.904300213557199,
  "bagging_temperature": 0.6012171846078842,
  "random_strength": 1.5296658824773441,
  "min_data_in_leaf": 35,
  "border_count": 125
}