{
  "primary": {
    "MAE": 76.38424006468932,
    "MAPE": 3.502630461219419,
    "MedianAPE": 1.8094908082499224,
    "RMSE": 270.4939598023159,
    "MedianAE": 29.288266756022495,
    "R2": 0.8689892553559118
  },
  "base_metrics": {
    "lgbm_l1": {
      "MAE": 86.34990733283284,
      "MAPE": 3.985380925260091,
      "MedianAPE": 2.354790672156423,
      "RMSE": 295.8132092799425,
      "MedianAE": 37.24034784292826,
      "R2": 0.8433151889964413
    },
    "cat_q50": {
      "MAE": 76.20157028146079,
      "MAPE": 3.4448267286548533,
      "MedianAPE": 1.5220555346070035,
      "RMSE": 278.79692025417864,
      "MedianAE": 24.312772817864698,
      "R2": 0.8608229215224306
    },
    "knn_geo": {
      "MAE": 210.53157173572987,
      "MAPE": 10.761396783620114,
      "MedianAPE": 8.315955678453511,
      "RMSE": 414.18471682746684,
      "MedianAE": 134.9045006662186,
      "R2": 0.6928292125210985
    },
    "knn_lean": {
      "MAE": 219.5552105640465,
      "MAPE": 11.367530359510395,
      "MedianAPE": 8.586255296952606,
      "RMSE": 412.86274629098614,
      "MedianAE": 139.38944701217747,
      "R2": 0.6947869027875326
    }
  },
  "stack_metrics": {
    "MAE": 76.38424006468932,
    "MAPE": 3.502630461219419,
    "MedianAPE": 1.8094908082499224,
    "RMSE": 270.4939598023159,
    "MedianAE": 29.288266756022495,
    "R2": 0.8689892553559118
  },
  "meta_coefs": {
    "weights": {
      "lgbm_l1": 0.4693654724163169,
      "cat_q50": 0.5784339233788041,
      "knn_geo": 0.011684454642541833,
      "knn_lean": -0.015897253544034835
    },
    "context": {
      "log_sqft": 0.031382200866009846,
      "beds": -0.013495115199019053,
      "year_built": -2.3068567711051526e-05
    },
    "intercept": -0.46710312044084734,
    "alpha": 1.0,
    "kind": "aug_ridge"
  },
  "per_fold": [
    {
      "fold": 1,
      "n_train": 5509,
      "n_valid": 1378,
      "lgbm_l1": {
        "MAE": 78.74601932823757,
        "MAPE": 4.084136031849494,
        "MedianAPE": 2.683787123690447,
        "RMSE": 173.23725586316198,
        "MedianAE": 40.63760092805353,
        "R2": 0.9260195864032232,
        "best_iteration": 731,
        "wall_seconds": 21.7
      },
      "cat_q50": {
        "MAE": 67.69531629009433,
        "MAPE": 3.3625078358081697,
        "MedianAPE": 1.3729161117173525,
        "RMSE": 169.7729510629018,
        "MedianAE": 22.075193035634584,
        "R2": 0.9289488422306927,
        "best_iteration": 1378,
        "wall_seconds": 4.2
      },
      "knn_geo": {
        "MAE": 186.0340985756107,
        "MAPE": 10.27546457538698,
        "MedianAPE": 7.6795291976485505,
        "RMSE": 298.2649906146813,
        "MedianAE": 123.95633034111802,
        "R2": 0.7806999533756152,
        "best_iteration": 15,
        "wall_seconds": 0.1
      },
      "knn_lean": {
        "MAE": 203.72054316265223,
        "MAPE": 11.191101782630811,
        "MedianAPE": 8.134700892381705,
        "RMSE": 335.6789569254155,
        "MedianAE": 126.04565385464718,
        "R2": 0.7222318812294604,
        "best_iteration": 25,
        "wall_seconds": 0.0
      }
    },
    {
      "fold": 2,
      "n_train": 5509,
      "n_valid": 1378,
      "lgbm_l1": {
        "MAE": 77.50170688621479,
        "MAPE": 3.9354625357901747,
        "MedianAPE": 2.389889370488256,
        "RMSE": 153.7226272341554,
        "MedianAE": 36.93123766741019,
        "R2": 0.9488189794743923,
        "best_iteration": 746,
        "wall_seconds": 21.9
      },
      "cat_q50": {
        "MAE": 66.53406606534848,
        "MAPE": 3.326198428766175,
        "MedianAPE": 1.6324841754985961,
        "RMSE": 142.4267088949185,
        "MedianAE": 26.6651959822384,
        "R2": 0.9560644342871256,
        "best_iteration": 1785,
        "wall_seconds": 5.5
      },
      "knn_geo": {
        "MAE": 202.1844642902554,
        "MAPE": 10.566339765848985,
        "MedianAPE": 8.27758053860196,
        "RMSE": 329.0157446539234,
        "MedianAE": 131.96246012739346,
        "R2": 0.7655411087430135,
        "best_iteration": 15,
        "wall_seconds": 0.1
      },
      "knn_lean": {
        "MAE": 211.52607812502936,
        "MAPE": 11.30867300881454,
        "MedianAPE": 8.525605832891944,
        "RMSE": 330.4647547647715,
        "MedianAE": 140.13057650941187,
        "R2": 0.7634714119879701,
        "best_iteration": 25,
        "wall_seconds": 0.0
      }
    },
    {
      "fold": 3,
      "n_train": 5510,
      "n_valid": 1377,
      "lgbm_l1": {
        "MAE": 101.44127627238609,
        "MAPE": 3.999528407284564,
        "MedianAPE": 2.2646655202710955,
        "RMSE": 513.9282898980001,
        "MedianAE": 36.83586688584228,
        "R2": 0.6858025890037168,
        "best_iteration": 1943,
        "wall_seconds": 53.6
      },
      "cat_q50": {
        "MAE": 94.85190591330658,
        "MAPE": 3.5032973968626355,
        "MedianAPE": 1.5724571319098066,
        "RMSE": 500.9970024248938,
        "MedianAE": 24.07424398397029,
        "R2": 0.7014151229150876,
        "best_iteration": 2433,
        "wall_seconds": 8.3
      },
      "knn_geo": {
        "MAE": 224.03900343318412,
        "MAPE": 10.713730331905372,
        "MedianAPE": 8.280674953541437,
        "RMSE": 584.6538932499409,
        "MedianAE": 137.75907073782537,
        "R2": 0.5933739059535521,
        "best_iteration": 15,
        "wall_seconds": 0.1
      },
      "knn_lean": {
        "MAE": 235.82028868356113,
        "MAPE": 11.553655588285315,
        "MedianAPE": 8.709421099749203,
        "RMSE": 550.8277442518145,
        "MedianAE": 143.5699710414508,
        "R2": 0.6390648599215702,
        "best_iteration": 25,
        "wall_seconds": 0.0
      }
    },
    {
      "fold": 4,
      "n_train": 5510,
      "n_valid": 1377,
      "lgbm_l1": {
        "MAE": 92.16556786125038,
        "MAPE": 4.036655102629918,
        "MedianAPE": 2.191445790476515,
        "RMSE": 286.022384277984,
        "MedianAE": 34.497995785703324,
        "R2": 0.8647745150859407,
        "best_iteration": 1237,
        "wall_seconds": 34.8
      },
      "cat_q50": {
        "MAE": 80.02968313677869,
        "MAPE": 3.6506654417576376,
        "MedianAPE": 1.531755433787906,
        "RMSE": 238.53289758809055,
        "MedianAE": 24.897871961147985,
        "R2": 0.9059508077497902,
        "best_iteration": 2683,
        "wall_seconds": 8.6
      },
      "knn_geo": {
        "MAE": 226.40626259362512,
        "MAPE": 11.340528287183316,
        "MedianAPE": 8.6166039741059,
        "RMSE": 435.92656947841846,
        "MedianAE": 140.2251916873604,
        "R2": 0.6858875270505185,
        "best_iteration": 15,
        "wall_seconds": 0.1
      },
      "knn_lean": {
        "MAE": 230.22851787281633,
        "MAPE": 11.776635327821392,
        "MedianAPE": 9.028607374027262,
        "RMSE": 428.2956086335089,
        "MedianAE": 144.85398256620783,
        "R2": 0.6967884466039911,
        "best_iteration": 25,
        "wall_seconds": 0.0
      }
    },
    {
      "fold": 5,
      "n_train": 5510,
      "n_valid": 1377,
      "lgbm_l1": {
        "MAE": 81.9069140927284,
        "MAPE": 3.8710870827208033,
        "MedianAPE": 2.2569864846828325,
        "RMSE": 195.0449429199418,
        "MedianAE": 36.48527117674553,
        "R2": 0.9200298754723811,
        "best_iteration": 1595,
        "wall_seconds": 44.5
      },
      "cat_q50": {
        "MAE": 71.91007808326285,
        "MAPE": 3.381610471229056,
        "MedianAPE": 1.4586073720503514,
        "RMSE": 178.07774376720167,
        "MedianAE": 23.222742531659605,
        "R2": 0.9333381023658979,
        "best_iteration": 1494,
        "wall_seconds": 4.7
      },
      "knn_geo": {
        "MAE": 214.0178820594713,
        "MAPE": 10.911415503328575,
        "MedianAPE": 9.049421883976093,
        "RMSE": 358.86672780849545,
        "MedianAE": 141.96668124457779,
        "R2": 0.7292772376322152,
        "best_iteration": 15,