{
  "primary": {
    "MAE": 77.36689176289961,
    "MAPE": 3.529877473607063,
    "MedianAPE": 1.7648347320951738,
    "RMSE": 273.48344667964983,
    "MedianAE": 28.262509682791688,
    "R2": 0.8660774034371024
  },
  "base_metrics": {
    "lgbm_l1": {
      "MAE": 87.88066438680741,
      "MAPE": 4.022895296352108,
      "MedianAPE": 2.3432711199181098,
      "RMSE": 302.5955200919363,
      "MedianAE": 37.940908741337125,
      "R2": 0.8360479845159229
    },
    "cat_q50": {
      "MAE": 76.75595836650768,
      "MAPE": 3.459992025649645,
      "MedianAPE": 1.4415056858440523,
      "RMSE": 279.2056355744103,
      "MedianAE": 23.697892037339898,
      "R2": 0.860414556179822
    },
    "knn_geo": {
      "MAE": 210.9736830246645,
      "MAPE": 10.785741959169178,
      "MedianAPE": 8.36825370992336,
      "RMSE": 414.5540773888417,
      "MedianAE": 135.37316488306942,
      "R2": 0.6922811123185459
    },
    "knn_lean": {
      "MAE": 220.51725986967813,
      "MAPE": 11.41059145242577,
      "MedianAPE": 8.667659334131649,
      "RMSE": 414.94287179884765,
      "MedianAE": 139.72697972497645,
      "R2": 0.6917036461084046
    }
  },
  "stack_metrics": {
    "MAE": 77.36689176289961,
    "MAPE": 3.529877473607063,
    "MedianAPE": 1.7648347320951738,
    "RMSE": 273.48344667964983,
    "MedianAE": 28.262509682791688,
    "R2": 0.8660774034371024
  },
  "meta_coefs": {
    "weights": {
      "lgbm_l1": 0.4299472674553237,
      "cat_q50": 0.6211797926827547,
      "knn_geo": 0.011747916962451586,
      "knn_lean": -0.02256987806189463
    },
    "context": {
      "log_sqft": 0.03472418196437348,
      "beds": -0.013432710173730761,
      "year_built": 2.103614122212198e-05
    },
    "intercept": -0.5535542420560517,
    "alpha": 1.0,
    "kind": "aug_ridge"
  },
  "per_fold": [
    {
      "fold": 1,
      "n_train": 5509,
      "n_valid": 1378,
      "lgbm_l1": {
        "MAE": 79.54908271124427,
        "MAPE": 4.063465146365691,
        "MedianAPE": 2.526722008415805,
        "RMSE": 175.53911178419915,
        "MedianAE": 40.230912707304356,
        "R2": 0.9240405246290956,
        "best_iteration": 797,
        "wall_seconds": 23.7
      },
      "cat_q50": {
        "MAE": 70.63440117697328,
        "MAPE": 3.6037344003916214,
        "MedianAPE": 1.676890453371397,
        "RMSE": 168.44407364329604,
        "MedianAE": 26.465390876646325,
        "R2": 0.930056777914529,
        "best_iteration": 1896,
        "wall_seconds": 5.6
      },
      "knn_geo": {
        "MAE": 186.4293923157348,
        "MAPE": 10.303627255590593,
        "MedianAPE": 7.7254417539780045,
        "RMSE": 298.8151991892032,
        "MedianAE": 124.06582578807001,
        "R2": 0.7798901227811375,
        "best_iteration": 15,
        "wall_seconds": 0.1
      },
      "knn_lean": {
        "MAE": 203.8887803840099,
        "MAPE": 11.210607547682178,
        "MedianAPE": 8.186822694769381,
        "RMSE": 336.047495078311,
        "MedianAE": 125.7137570828429,
        "R2": 0.7216216294294472,
        "best_iteration": 25,
        "wall_seconds": 0.0
      }
    },
    {
      "fold": 2,
      "n_train": 5509,
      "n_valid": 1378,
      "lgbm_l1": {
        "MAE": 80.61122047146426,
        "MAPE": 4.067607126083395,
        "MedianAPE": 2.4984270794523056,
        "RMSE": 165.18917760557073,
        "MedianAE": 39.61673001272561,
        "R2": 0.94089876899129,
        "best_iteration": 819,
        "wall_seconds": 23.4
      },
      "cat_q50": {
        "MAE": 63.55723647426548,
        "MAPE": 3.17819247761217,
        "MedianAPE": 1.3503125604299808,
        "RMSE": 135.85608882838162,
        "MedianAE": 22.03020798757666,
        "R2": 0.9600247158260669,
        "best_iteration": 2003,
        "wall_seconds": 6.8
      },
      "knn_geo": {
        "MAE": 202.5788748080967,
        "MAPE": 10.583872551517414,
        "MedianAPE": 8.298840041720823,
        "RMSE": 329.6763970757814,
        "MedianAE": 132.03717385203674,
        "R2": 0.7645985924675023,
        "best_iteration": 15,
        "wall_seconds": 0.1
      },
      "knn_lean": {
        "MAE": 213.80612085480288,
        "MAPE": 11.395870766719984,
        "MedianAPE": 8.491540434319884,
        "RMSE": 333.79886697025745,
        "MedianAE": 141.4198166321912,
        "R2": 0.75867458532532,
        "best_iteration": 25,
        "wall_seconds": 0.0
      }
    },
    {
      "fold": 3,
      "n_train": 5510,
      "n_valid": 1377,
      "lgbm_l1": {
        "MAE": 99.51576255819248,
        "MAPE": 3.8880639996605195,
        "MedianAPE": 2.187466918299614,
        "RMSE": 516.6687419468544,
        "MedianAE": 36.10812056347231,
        "R2": 0.6824428259694226,
        "best_iteration": 1771,
        "wall_seconds": 48.8
      },
      "cat_q50": {
        "MAE": 94.37144968593736,
        "MAPE": 3.4831600365000375,
        "MedianAPE": 1.3828377769283937,
        "RMSE": 493.7682894829336,
        "MedianAE": 22.246654055117688,
        "R2": 0.709969318102373,
        "best_iteration": 944,
        "wall_seconds": 3.0
      },
      "knn_geo": {
        "MAE": 224.5295401980742,
        "MAPE": 10.743211914554024,
        "MedianAPE": 8.361868442388124,
        "RMSE": 584.6233333086042,
        "MedianAE": 136.5678382362887,
        "R2": 0.593416413648983,
        "best_iteration": 15,
        "wall_seconds": 0.1
      },
      "knn_lean": {
        "MAE": 236.50894233839665,
        "MAPE": 11.586319320940653,
        "MedianAPE": 8.78179117866872,
        "RMSE": 555.330541712703,
        "MedianAE": 140.65618027606183,
        "R2": 0.6331397386704507,
        "best_iteration": 25,
        "wall_seconds": 0.0
      }
    },
    {
      "fold": 4,
      "n_train": 5510,
      "n_valid": 1377,
      "lgbm_l1": {
        "MAE": 95.88958276915169,
        "MAPE": 4.16039043447762,
        "MedianAPE": 2.293888498006103,
        "RMSE": 302.9635325869155,
        "MedianAE": 37.088782497014336,
        "R2": 0.8482812645023372,
        "best_iteration": 820,
        "wall_seconds": 24.0
      },
      "cat_q50": {
        "MAE": 81.36443672509563,
        "MAPE": 3.650806812393665,
        "MedianAPE": 1.4161244443494476,
        "RMSE": 250.21404914299333,
        "MedianAE": 24.36219146104031,
        "R2": 0.8965139324068627,
        "best_iteration": 2021,
        "wall_seconds": 6.1
      },
      "knn_geo": {
        "MAE": 227.18352846092958,
        "MAPE": 11.38023992019249,
        "MedianAPE": 8.600658844888917,
        "RMSE": 436.5758588321488,
        "MedianAE": 142.1647367129417,
        "R2": 0.6849511226875684,
        "best_iteration": 15,
        "wall_seconds": 0.1
      },
      "knn_lean": {
        "MAE": 231.39348337348744,
        "MAPE": 11.83099777384244,
        "MedianAPE": 9.115915411292272,
        "RMSE": 429.1316666627836,
        "MedianAE": 149.9943517427664,
        "R2": 0.6956035179030454,
        "best_iteration": 25,
        "wall_seconds": 0.0
      }
    },
    {
      "fold": 5,
      "n_train": 5510,
      "n_valid": 1377,
      "lgbm_l1": {
        "MAE": 83.84900314482017,
        "MAPE": 3.9348878422178006,
        "MedianAPE": 2.297175839754283,
        "RMSE": 202.6724084816753,
        "MedianAE": 36.62898888039672,
        "R2": 0.913652923042283,
        "best_iteration": 915,
        "wall_seconds": 27.7
      },
      "cat_q50": {
        "MAE": 73.86629847402979,
        "MAPE": 3.3841666607358407,
        "MedianAPE": 1.401445941808681,
        "RMSE": 191.34699998088504,
        "MedianAE": 22.701269686083833,
        "R2": 0.9230335069751459,
        "best_iteration": 1458,
        "wall_seconds": 4.8
      },
      "knn_geo": {
        "MAE": 214.1710002547395,
        "MAPE": 10.918254874478826,
        "MedianAPE": 9.047596556444768,
        "RMSE": 359.19531839945205,
        "MedianAE": 142.2769946398189,
        "R2": 0.7287812447101513,
        "best_iteration": 15,
        "wall_seconds": 0.1
      },