{
  "primary": {
    "MAE": 74.59466736561521,
    "MAPE": 3.403651768166759,
    "MedianAPE": 1.5933467877230736,
    "RMSE": 271.4588357435805,
    "MedianAE": 25.739185065668153,
    "R2": 0.8680529344716363
  },
  "base_metrics": {
    "lgbm_l1": {
      "MAE": 76.78542500389246,
      "MAPE": 3.3177128670954423,
      "MedianAPE": 1.2078230511313233,
      "RMSE": 322.2440244753245,
      "MedianAE": 20.116147425440886,
      "R2": 0.8140648419168206
    },
    "cat_q50": {
      "MAE": 73.45573566873716,
      "MAPE": 3.2622254511107402,
      "MedianAPE": 1.1978351240101042,
      "RMSE": 277.3685198460959,
      "MedianAE": 20.020113692645054,
      "R2": 0.8622454001039932
    },
    "knn_geo": {
      "MAE": 211.04893822375683,
      "MAPE": 10.772230159919811,
      "MedianAPE": 8.320084995001977,
      "RMSE": 416.56698279737185,
      "MedianAE": 134.9484940396253,
      "R2": 0.6892855426407996
    },
    "knn_lean": {
      "MAE": 219.5552105640465,
      "MAPE": 11.367530359510395,
      "MedianAPE": 8.586255296952606,
      "RMSE": 412.86274629098614,
      "MedianAE": 139.38944701217747,
      "R2": 0.6947869027875326
    }
  },
  "stack_metrics": {
    "MAE": 74.59466736561521,
    "MAPE": 3.403651768166759,
    "MedianAPE": 1.5933467877230736,
    "RMSE": 271.4588357435805,
    "MedianAE": 25.739185065668153,
    "R2": 0.8680529344716363
  },
  "meta_coefs": {
    "weights": {
      "lgbm_l1": 0.14565761147330286,
      "cat_q50": 0.8464906295919835,
      "knn_geo": 0.03164853828870519,
      "knn_lean": 0.009303450837934045
    },
    "context": {
      "log_sqft": 0.04530980219747372,
      "beds": -0.014857181465659229,
      "year_built": 4.526832698308717e-05
    },
    "intercept": -0.6176082006470143,
    "alpha": 1.0,
    "kind": "aug_ridge"
  },
  "per_fold": [
    {
      "fold": 1,
      "n_train": 5509,
      "n_valid": 1378,
      "lgbm_l1": {
        "MAE": 65.99515609631925,
        "MAPE": 3.2621909887337868,
        "MedianAPE": 1.2140438694652407,
        "RMSE": 180.81607558145672,
        "MedianAE": 20.804079892870163,
        "R2": 0.9194049736317395,
        "best_iteration": 1466,
        "wall_seconds": 6.1
      },
      "cat_q50": {
        "MAE": 65.60143588287164,
        "MAPE": 3.1872019316871425,
        "MedianAPE": 1.268125885401574,
        "RMSE": 170.4438014887357,
        "MedianAE": 20.96893356076305,
        "R2": 0.928386221723256,
        "best_iteration": 1644,
        "wall_seconds": 5.3
      },
      "knn_geo": {
        "MAE": 186.2999401498862,
        "MAPE": 10.277248312728645,
        "MedianAPE": 7.652707037313622,
        "RMSE": 299.97530659455373,
        "MedianAE": 123.25576912726672,
        "R2": 0.7781777147017459,
        "best_iteration": 15,
        "wall_seconds": 0.1
      },
      "knn_lean": {
        "MAE": 203.72054316265223,
        "MAPE": 11.191101782630811,
        "MedianAPE": 8.134700892381705,
        "RMSE": 335.6789569254155,
        "MedianAE": 126.04565385464718,
        "R2": 0.7222318812294604,
        "best_iteration": 25,
        "wall_seconds": 0.0
      }
    },
    {
      "fold": 2,
      "n_train": 5509,
      "n_valid": 1378,
      "lgbm_l1": {
        "MAE": 63.39951883869029,
        "MAPE": 3.1239436633313407,
        "MedianAPE": 1.2656928596578862,
        "RMSE": 158.42947462399107,
        "MedianAE": 20.60263268556912,
        "R2": 0.9456367629564947,
        "best_iteration": 967,
        "wall_seconds": 4.1
      },
      "cat_q50": {
        "MAE": 64.12630503689036,
        "MAPE": 3.171848908580978,
        "MedianAPE": 1.2253298785530995,
        "RMSE": 141.56914190173043,
        "MedianAE": 20.336858573236213,
        "R2": 0.9565919232742415,
        "best_iteration": 1289,
        "wall_seconds": 4.5
      },
      "knn_geo": {
        "MAE": 203.4773809771452,
        "MAPE": 10.602014248364343,
        "MedianAPE": 8.29543909647675,
        "RMSE": 333.10264063317595,
        "MedianAE": 132.22386732226016,
        "R2": 0.7596802321619162,
        "best_iteration": 15,
        "wall_seconds": 0.1
      },
      "knn_lean": {
        "MAE": 211.52607812502936,
        "MAPE": 11.30867300881454,
        "MedianAPE": 8.525605832891944,
        "RMSE": 330.4647547647715,
        "MedianAE": 140.13057650941187,
        "R2": 0.7634714119879701,
        "best_iteration": 25,
        "wall_seconds": 0.0
      }
    },
    {
      "fold": 3,
      "n_train": 5510,
      "n_valid": 1377,
      "lgbm_l1": {
        "MAE": 96.18694703217213,
        "MAPE": 3.42647127562431,
        "MedianAPE": 1.188557530722656,
        "RMSE": 561.9600008630117,
        "MedianAE": 19.438514615982513,
        "R2": 0.6243284024288969,
        "best_iteration": 1021,
        "wall_seconds": 4.5
      },
      "cat_q50": {
        "MAE": 89.96406801352506,
        "MAPE": 3.3090885196908717,
        "MedianAPE": 1.2143239290133196,
        "RMSE": 491.57265500687913,
        "MedianAE": 20.114262280378625,
        "R2": 0.7125429363306692,
        "best_iteration": 2017,
        "wall_seconds": 6.8
      },
      "knn_geo": {
        "MAE": 224.46600284954013,
        "MAPE": 10.73671387471368,
        "MedianAPE": 8.315254085658344,
        "RMSE": 586.806984817788,
        "MedianAE": 138.67513724136688,
        "R2": 0.5903734459468657,
        "best_iteration": 15,
        "wall_seconds": 0.1
      },
      "knn_lean": {
        "MAE": 235.82028868356113,
        "MAPE": 11.553655588285315,
        "MedianAPE": 8.709421099749203,
        "RMSE": 550.8277442518145,
        "MedianAE": 143.5699710414508,
        "R2": 0.6390648599215702,
        "best_iteration": 25,
        "wall_seconds": 0.0
      }
    },
    {
      "fold": 4,
      "n_train": 5510,
      "n_valid": 1377,
      "lgbm_l1": {
        "MAE": 83.3890528262429,
        "MAPE": 3.4257059357580935,
        "MedianAPE": 1.1379235939524537,
        "RMSE": 315.2386164977844,
        "MedianAE": 18.821612340357888,
        "R2": 0.8357379161861106,
        "best_iteration": 1579,
        "wall_seconds": 6.6
      },
      "cat_q50": {
        "MAE": 76.91250525338431,
        "MAPE": 3.3699316462467683,
        "MedianAPE": 1.0729150250651016,
        "RMSE": 247.66309379388417,
        "MedianAE": 18.602983731814675,
        "R2": 0.8986132761154821,
        "best_iteration": 1786,
        "wall_seconds": 6.0
      },
      "knn_geo": {
        "MAE": 226.7478179110451,
        "MAPE": 11.345848518859146,
        "MedianAPE": 8.573656786164143,
        "RMSE": 437.53468778949497,
        "MedianAE": 140.26620530086802,
        "R2": 0.6835657519688247,
        "best_iteration": 15,
        "wall_seconds": 0.1
      },
      "knn_lean": {
        "MAE": 230.22851787281633,
        "MAPE": 11.776635327821392,
        "MedianAPE": 9.028607374027262,
        "RMSE": 428.2956086335089,
        "MedianAE": 144.85398256620783,
        "R2": 0.6967884466039911,
        "best_iteration": 25,
        "wall_seconds": 0.0
      }
    },
    {
      "fold": 5,
      "n_train": 5510,
      "n_valid": 1377,
      "lgbm_l1": {
        "MAE": 74.97400736116681,
        "MAPE": 3.3504335113050043,
        "MedianAPE": 1.2633474117877808,
        "RMSE": 215.28150921005656,
        "MedianAE": 20.25939762884218,
        "R2": 0.9025746797686227,
        "best_iteration": 1947,
        "wall_seconds": 8.2
      },
      "cat_q50": {
        "MAE": 70.68684326407164,
        "MAPE": 3.2731763655875574,
        "MedianAPE": 1.1981215443128743,
        "RMSE": 180.7456024124336,
        "MedianAE": 20.145192118430487,
        "R2": 0.9313257599088358,
        "best_iteration": 2003,
        "wall_seconds": 6.7
      },
      "knn_geo": {
        "MAE": 214.277020948902,
        "MAPE": 10.899808922463208,
        "MedianAPE": 9.067491518868618,
        "RMSE": 361.9734405012176,
        "MedianAE": 141.97939443391056,
        "R2": 0.7245696495529081,
        "best_iteration": 15,