{
  "primary": {
    "MAE": 75.45585624635764,
    "MAPE": 3.483591738476254,
    "MedianAPE": 1.7215799237521867,
    "RMSE": 254.08801376881078,
    "MedianAE": 27.733805605093494,
    "R2": 0.8843993892826876
  },
  "base_metrics": {
    "lgbm_l1": {
      "MAE": 87.02370183287061,
      "MAPE": 3.988743772190391,
      "MedianAPE": 2.3404205839972647,
      "RMSE": 300.29277074806305,
      "MedianAE": 37.425351909071196,
      "R2": 0.8385338366287421
    },
    "cat_q50": {
      "MAE": 76.3935987550027,
      "MAPE": 3.485963900207606,
      "MedianAPE": 1.5009341137452246,
      "RMSE": 256.9494588754011,
      "MedianAE": 24.963289926560947,
      "R2": 0.8817810257881953
    },
    "knn_geo": {
      "MAE": 210.53157173572987,
      "MAPE": 10.761396783620114,
      "MedianAPE": 8.315955678453511,
      "RMSE": 414.18471682746684,
      "MedianAE": 134.9045006662186,
      "R2": 0.6928292125210985
    },
    "knn_lean": {
      "MAE": 219.5552105640465,
      "MAPE": 11.367530359510395,
      "MedianAPE": 8.586255296952606,
      "RMSE": 412.86274629098614,
      "MedianAE": 139.38944701217747,
      "R2": 0.6947869027875326
    }
  },
  "stack_metrics": {
    "MAE": 75.45585624635764,
    "MAPE": 3.483591738476254,
    "MedianAPE": 1.7215799237521867,
    "RMSE": 254.08801376881078,
    "MedianAE": 27.733805605093494,
    "R2": 0.8843993892826876
  },
  "meta_coefs": {
    "weights": {
      "lgbm_l1": 0.38012505747662695,
      "cat_q50": 0.6697072778322716,
      "knn_geo": 0.015376369585555268,
      "knn_lean": -0.023365893574919507
    },
    "context": {
      "log_sqft": 0.03224969535556484,
      "beds": -0.013109242760455614,
      "year_built": -1.9382054978339144e-05
    },
    "intercept": -0.46844619148578914,
    "alpha": 1.0,
    "kind": "aug_ridge"
  },
  "per_fold": [
    {
      "fold": 1,
      "n_train": 5509,
      "n_valid": 1378,
      "lgbm_l1": {
        "MAE": 75.47451839440748,
        "MAPE": 3.8448643428090366,
        "MedianAPE": 2.311564412870467,
        "RMSE": 174.18745006611624,
        "MedianAE": 37.18620689915724,
        "R2": 0.9252058059789307,
        "best_iteration": 852,
        "wall_seconds": 24.4
      },
      "cat_q50": {
        "MAE": 68.83086477693429,
        "MAPE": 3.4335683134431805,
        "MedianAPE": 1.6539664122976356,
        "RMSE": 170.01197480850783,
        "MedianAE": 25.85671287898731,
        "R2": 0.9287486352024722,
        "best_iteration": 1282,
        "wall_seconds": 4.0
      },
      "knn_geo": {
        "MAE": 186.0340985756107,
        "MAPE": 10.27546457538698,
        "MedianAPE": 7.6795291976485505,
        "RMSE": 298.2649906146813,
        "MedianAE": 123.95633034111802,
        "R2": 0.7806999533756152,
        "best_iteration": 15,
        "wall_seconds": 0.1
      },
      "knn_lean": {
        "MAE": 203.72054316265223,
        "MAPE": 11.191101782630811,
        "MedianAPE": 8.134700892381705,
        "RMSE": 335.6789569254155,
        "MedianAE": 126.04565385464718,
        "R2": 0.7222318812294604,
        "best_iteration": 25,
        "wall_seconds": 0.0
      }
    },
    {
      "fold": 2,
      "n_train": 5509,
      "n_valid": 1378,
      "lgbm_l1": {
        "MAE": 78.5690821752556,
        "MAPE": 3.981126551990935,
        "MedianAPE": 2.424288251093161,
        "RMSE": 164.4200930481774,
        "MedianAE": 40.15307112970163,
        "R2": 0.9414478126173655,
        "best_iteration": 819,
        "wall_seconds": 23.5
      },
      "cat_q50": {
        "MAE": 68.90088783682988,
        "MAPE": 3.4613228354620573,
        "MedianAPE": 1.5715180925750238,
        "RMSE": 147.97749052185463,
        "MedianAE": 25.72023442619411,
        "R2": 0.9525731084766613,
        "best_iteration": 1065,
        "wall_seconds": 3.4
      },
      "knn_geo": {
        "MAE": 202.1844642902554,
        "MAPE": 10.566339765848985,
        "MedianAPE": 8.27758053860196,
        "RMSE": 329.0157446539234,
        "MedianAE": 131.96246012739346,
        "R2": 0.7655411087430135,
        "best_iteration": 15,
        "wall_seconds": 0.1
      },
      "knn_lean": {
        "MAE": 211.52607812502936,
        "MAPE": 11.30867300881454,
        "MedianAPE": 8.525605832891944,
        "RMSE": 330.4647547647715,
        "MedianAE": 140.13057650941187,
        "R2": 0.7634714119879701,
        "best_iteration": 25,
        "wall_seconds": 0.0
      }
    },
    {
      "fold": 3,
      "n_train": 5510,
      "n_valid": 1377,
      "lgbm_l1": {
        "MAE": 103.12073561204242,
        "MAPE": 4.038142315992257,
        "MedianAPE": 2.2941926723675663,
        "RMSE": 517.4760808061536,
        "MedianAE": 35.80042407782628,
        "R2": 0.6814496304046038,
        "best_iteration": 792,
        "wall_seconds": 25.0
      },
      "cat_q50": {
        "MAE": 87.92134352301817,
        "MAPE": 3.36567962849299,
        "MedianAPE": 1.3281313816884068,
        "RMSE": 424.39468542722835,
        "MedianAE": 22.485843351813855,
        "R2": 0.785741812767465,
        "best_iteration": 1863,
        "wall_seconds": 6.8
      },
      "knn_geo": {
        "MAE": 224.03900343318412,
        "MAPE": 10.713730331905372,
        "MedianAPE": 8.280674953541437,
        "RMSE": 584.6538932499409,
        "MedianAE": 137.75907073782537,
        "R2": 0.5933739059535521,
        "best_iteration": 15,
        "wall_seconds": 0.1
      },
      "knn_lean": {
        "MAE": 235.82028868356113,
        "MAPE": 11.553655588285315,
        "MedianAPE": 8.709421099749203,
        "RMSE": 550.8277442518145,
        "MedianAE": 143.5699710414508,
        "R2": 0.6390648599215702,
        "best_iteration": 25,
        "wall_seconds": 0.0
      }
    },
    {
      "fold": 4,
      "n_train": 5510,
      "n_valid": 1377,
      "lgbm_l1": {
        "MAE": 94.67026066721517,
        "MAPE": 4.118760019391172,
        "MedianAPE": 2.2919488430253026,
        "RMSE": 297.50778861413744,
        "MedianAE": 36.82899859630015,
        "R2": 0.8536963429671227,
        "best_iteration": 1158,
        "wall_seconds": 33.0
      },
      "cat_q50": {
        "MAE": 81.50610262391908,
        "MAPE": 3.6347566830288955,
        "MedianAPE": 1.530491552009251,
        "RMSE": 253.41207832893815,
        "MedianAE": 25.089734558042665,
        "R2": 0.8938516803095566,
        "best_iteration": 1487,
        "wall_seconds": 4.8
      },
      "knn_geo": {
        "MAE": 226.40626259362512,
        "MAPE": 11.340528287183316,
        "MedianAPE": 8.6166039741059,
        "RMSE": 435.92656947841846,
        "MedianAE": 140.2251916873604,
        "R2": 0.6858875270505185,
        "best_iteration": 15,
        "wall_seconds": 0.1
      },
      "knn_lean": {
        "MAE": 230.22851787281633,
        "MAPE": 11.776635327821392,
        "MedianAPE": 9.028607374027262,
        "RMSE": 428.2956086335089,
        "MedianAE": 144.85398256620783,
        "R2": 0.6967884466039911,
        "best_iteration": 25,
        "wall_seconds": 0.0
      }
    },
    {
      "fold": 5,
      "n_train": 5510,
      "n_valid": 1377,
      "lgbm_l1": {
        "MAE": 83.29843940555297,
        "MAPE": 3.9609356501219195,
        "MedianAPE": 2.4019790940958887,
        "RMSE": 193.13320518793103,
        "MedianAE": 38.57276830190722,
        "R2": 0.9215898509772129,
        "best_iteration": 1179,
        "wall_seconds": 33.4
      },
      "cat_q50": {
        "MAE": 74.8197285254931,
        "MAPE": 3.534547985891595,
        "MedianAPE": 1.5194964997496194,
        "RMSE": 187.20091754896796,
        "MedianAE": 25.736872309877754,
        "R2": 0.9263327718020617,
        "best_iteration": 1925,
        "wall_seconds": 6.2
      },
      "knn_geo": {
        "MAE": 214.0178820594713,
        "MAPE": 10.911415503328575,
        "MedianAPE": 9.049421883976093,
        "RMSE": 358.86672780849545,
        "MedianAE": 141.96668124457779,
        "R2": 0.7292772376322152,
        "best_iteration": 15,