{
  "primary": {
    "MAE": 77.38306724134223,
    "MAPE": 3.548548400081781,
    "MedianAPE": 1.7942975851682155,
    "RMSE": 271.1653042956875,
    "MedianAE": 28.700780315273505,
    "R2": 0.8683381318435551
  },
  "base_metrics": {
    "lgbm_l1": {
      "MAE": 87.06870817955381,
      "MAPE": 3.9987591618054603,
      "MedianAPE": 2.35719723083229,
      "RMSE": 300.063538759396,
      "MedianAE": 37.667559475427424,
      "R2": 0.8387802566967791
    },
    "cat_q50": {
      "MAE": 77.31314133175074,
      "MAPE": 3.5190148791152036,
      "MedianAPE": 1.5169331139516813,
      "RMSE": 275.92093805559307,
      "MedianAE": 25.21497630418571,
      "R2": 0.863679526002381
    },
    "knn_geo": {
      "MAE": 210.6050857895183,
      "MAPE": 10.761636728817278,
      "MedianAPE": 8.31774606997578,
      "RMSE": 414.5394509001026,
      "MedianAE": 135.68924233389544,
      "R2": 0.692302826095785
    },
    "knn_lean": {
      "MAE": 219.5552105640465,
      "MAPE": 11.367530359510395,
      "MedianAPE": 8.586255296952606,
      "RMSE": 412.86274629098614,
      "MedianAE": 139.38944701217747,
      "R2": 0.6947869027875326
    }
  },
  "stack_metrics": {
    "MAE": 77.38306724134223,
    "MAPE": 3.548548400081781,
    "MedianAPE": 1.7942975851682155,
    "RMSE": 271.1653042956875,
    "MedianAE": 28.700780315273505,
    "R2": 0.8683381318435551
  },
  "meta_coefs": {
    "weights": {
      "lgbm_l1": 0.46410312573890483,
      "cat_q50": 0.5884878827078529,
      "knn_geo": 0.0008849885069507965,
      "knn_lean": -0.012784359779895256
    },
    "context": {
      "log_sqft": 0.03415355068451567,
      "beds": -0.013634090682711014,
      "year_built": 2.4214070054613087e-05
    },
    "intercept": -0.5594674155073491,
    "alpha": 1.0,
    "kind": "aug_ridge"
  },
  "per_fold": [
    {
      "fold": 1,
      "n_train": 5509,
      "n_valid": 1378,
      "lgbm_l1": {
        "MAE": 76.30991250684309,
        "MAPE": 3.88393167908081,
        "MedianAPE": 2.2779383353509313,
        "RMSE": 169.82951494778072,
        "MedianAE": 37.164613535950934,
        "R2": 0.9289014895872446,
        "best_iteration": 671,
        "wall_seconds": 20.1
      },
      "cat_q50": {
        "MAE": 68.10420698112243,
        "MAPE": 3.3827340698521975,
        "MedianAPE": 1.5239516108577444,
        "RMSE": 169.43744787460543,
        "MedianAE": 23.556833895439127,
        "R2": 0.9292293855769002,
        "best_iteration": 530,
        "wall_seconds": 2.0
      },
      "knn_geo": {
        "MAE": 186.44041738233233,
        "MAPE": 10.302881088621705,
        "MedianAPE": 7.824061040604112,
        "RMSE": 298.6891449286938,
        "MedianAE": 123.92600269023217,
        "R2": 0.7800757889429784,
        "best_iteration": 15,
        "wall_seconds": 0.1
      },
      "knn_lean": {
        "MAE": 203.72054316265223,
        "MAPE": 11.191101782630811,
        "MedianAPE": 8.134700892381705,
        "RMSE": 335.6789569254155,
        "MedianAE": 126.04565385464718,
        "R2": 0.7222318812294604,
        "best_iteration": 25,
        "wall_seconds": 0.0
      }
    },
    {
      "fold": 2,
      "n_train": 5509,
      "n_valid": 1378,
      "lgbm_l1": {
        "MAE": 81.17206984404812,
        "MAPE": 4.084963046733288,
        "MedianAPE": 2.542029109984687,
        "RMSE": 165.9898361199115,
        "MedianAE": 39.95643222522369,
        "R2": 0.9403244628246742,
        "best_iteration": 678,
        "wall_seconds": 20.1
      },
      "cat_q50": {
        "MAE": 67.98058832137785,
        "MAPE": 3.453920521578836,
        "MedianAPE": 1.6015614049866824,
        "RMSE": 143.898503238344,
        "MedianAE": 26.978142223192663,
        "R2": 0.9551517090368278,
        "best_iteration": 1650,
        "wall_seconds": 5.3
      },
      "knn_geo": {
        "MAE": 201.99713180052106,
        "MAPE": 10.547019510358899,
        "MedianAPE": 8.224763114552179,
        "RMSE": 329.06634013756866,
        "MedianAE": 131.14237852363738,
        "R2": 0.7654689938166422,
        "best_iteration": 15,
        "wall_seconds": 0.1
      },
      "knn_lean": {
        "MAE": 211.52607812502936,
        "MAPE": 11.30867300881454,
        "MedianAPE": 8.525605832891944,
        "RMSE": 330.4647547647715,
        "MedianAE": 140.13057650941187,
        "R2": 0.7634714119879701,
        "best_iteration": 25,
        "wall_seconds": 0.0
      }
    },
    {
      "fold": 3,
      "n_train": 5510,
      "n_valid": 1377,
      "lgbm_l1": {
        "MAE": 101.98871303182977,
        "MAPE": 3.9936999810821794,
        "MedianAPE": 2.2569410817783497,
        "RMSE": 524.0060201629866,
        "MedianAE": 36.797265159651374,
        "R2": 0.6733594443159258,
        "best_iteration": 1030,
        "wall_seconds": 29.7
      },
      "cat_q50": {
        "MAE": 93.12931710722061,
        "MAPE": 3.435615453558859,
        "MedianAPE": 1.4622523148010225,
        "RMSE": 487.1067254665858,
        "MedianAE": 23.535684811123474,
        "R2": 0.717742295962595,
        "best_iteration": 1574,
        "wall_seconds": 4.9
      },
      "knn_geo": {
        "MAE": 224.4909792609111,
        "MAPE": 10.73537265228553,
        "MedianAPE": 8.414633423961792,
        "RMSE": 585.3023245404084,
        "MedianAE": 139.41184338755716,
        "R2": 0.5924714393771557,
        "best_iteration": 15,
        "wall_seconds": 0.1
      },
      "knn_lean": {
        "MAE": 235.82028868356113,
        "MAPE": 11.553655588285315,
        "MedianAPE": 8.709421099749203,
        "RMSE": 550.8277442518145,
        "MedianAE": 143.5699710414508,
        "R2": 0.6390648599215702,
        "best_iteration": 25,
        "wall_seconds": 0.0
      }
    },
    {
      "fold": 4,
      "n_train": 5510,
      "n_valid": 1377,
      "lgbm_l1": {
        "MAE": 91.99449810968174,
        "MAPE": 4.048142555661465,
        "MedianAPE": 2.229917246726678,
        "RMSE": 285.40356263708037,
        "MedianAE": 35.92362140590512,
        "R2": 0.8653590143275456,
        "best_iteration": 1373,
        "wall_seconds": 38.2
      },
      "cat_q50": {
        "MAE": 81.97595965137324,
        "MAPE": 3.7697765236789826,
        "MedianAPE": 1.4637242816277969,
        "RMSE": 245.87997953406793,
        "MedianAE": 24.770513452898285,
        "R2": 0.9000679402679189,
        "best_iteration": 839,
        "wall_seconds": 2.9
      },
      "knn_geo": {
        "MAE": 226.81748230023942,
        "MAPE": 11.353149838961913,
        "MedianAPE": 8.628391740315184,
        "RMSE": 436.81139341299615,
        "MedianAE": 142.6290929530735,
        "R2": 0.684611090499816,
        "best_iteration": 15,
        "wall_seconds": 0.1
      },
      "knn_lean": {
        "MAE": 230.22851787281633,
        "MAPE": 11.776635327821392,
        "MedianAPE": 9.028607374027262,
        "RMSE": 428.2956086335089,
        "MedianAE": 144.85398256620783,
        "R2": 0.6967884466039911,
        "best_iteration": 25,
        "wall_seconds": 0.0
      }
    },
    {
      "fold": 5,
      "n_train": 5510,
      "n_valid": 1377,
      "lgbm_l1": {
        "MAE": 83.89044285490027,
        "MAPE": 3.983079333396063,
        "MedianAPE": 2.405631855202843,
        "RMSE": 194.54630161170627,
        "MedianAE": 38.37375961710768,
        "R2": 0.9204382473480023,
        "best_iteration": 902,
        "wall_seconds": 26.2
      },
      "cat_q50": {
        "MAE": 75.38909973009314,
        "MAPE": 3.5531740688583406,
        "MedianAPE": 1.5687772303101373,
        "RMSE": 183.2778124589297,
        "MedianAE": 25.982556506501282,
        "R2": 0.9293880559336656,
        "best_iteration": 1410,
        "wall_seconds": 4.8
      },
      "knn_geo": {
        "MAE": 213.30321821985214,
        "MAPE": 10.870249568280018,
        "MedianAPE": 8.91902735517097,
        "RMSE": 358.38258667919564,
        "MedianAE": 139.2250602763338,
        "R2": 0.7300072000550624,
        "best_iteration": 15,