{
  "primary": {
    "MAE": 76.7978407824348,
    "MAPE": 3.5175223994398834,
    "MedianAPE": 1.7710568667838118,
    "RMSE": 270.14983932655105,
    "MedianAE": 28.413310635034122,
    "R2": 0.8693223851778888
  },
  "base_metrics": {
    "lgbm_l1": {
      "MAE": 87.12802603376505,
      "MAPE": 3.997099769653,
      "MedianAPE": 2.3198297245608157,
      "RMSE": 301.6423255101601,
      "MedianAE": 37.27336112179705,
      "R2": 0.837079275592763
    },
    "cat_q50": {
      "MAE": 76.66152706815632,
      "MAPE": 3.474453910672616,
      "MedianAPE": 1.5123420589236785,
      "RMSE": 275.312832098016,
      "MedianAE": 24.910522043284118,
      "R2": 0.8642797410039587
    },
    "knn_geo": {
      "MAE": 210.78735083117178,
      "MAPE": 10.776000549437372,
      "MedianAPE": 8.354755191823347,
      "RMSE": 414.4465623257975,
      "MedianAE": 135.39522698811106,
      "R2": 0.6924407060949587
    },
    "knn_lean": {
      "MAE": 220.51725986967813,
      "MAPE": 11.41059145242577,
      "MedianAPE": 8.667659334131649,
      "RMSE": 414.94287179884765,
      "MedianAE": 139.72697972497645,
      "R2": 0.6917036461084046
    }
  },
  "stack_metrics": {
    "MAE": 76.7978407824348,
    "MAPE": 3.5175223994398834,
    "MedianAPE": 1.7710568667838118,
    "RMSE": 270.14983932655105,
    "MedianAE": 28.413310635034122,
    "R2": 0.8693223851778888
  },
  "meta_coefs": {
    "weights": {
      "lgbm_l1": 0.41648069931438264,
      "cat_q50": 0.6282879855347699,
      "knn_geo": 0.018787983885387827,
      "knn_lean": -0.019180895421961518
    },
    "context": {
      "log_sqft": 0.032778096230130636,
      "beds": -0.01393756226311136,
      "year_built": -1.4236114181779673e-05
    },
    "intercept": -0.4995371985627237,
    "alpha": 1.0,
    "kind": "aug_ridge"
  },
  "per_fold": [
    {
      "fold": 1,
      "n_train": 5509,
      "n_valid": 1378,
      "lgbm_l1": {
        "MAE": 77.64715102937679,
        "MAPE": 3.9543490356506874,
        "MedianAPE": 2.342058992732728,
        "RMSE": 174.1722512793108,
        "MedianAE": 37.22322867317928,
        "R2": 0.9252188577965406,
        "best_iteration": 632,
        "wall_seconds": 18.8
      },
      "cat_q50": {
        "MAE": 69.87952913206311,
        "MAPE": 3.491266452928997,
        "MedianAPE": 1.5441028838503728,
        "RMSE": 168.25798463323036,
        "MedianAE": 24.574633558048276,
        "R2": 0.9302112324481102,
        "best_iteration": 1119,
        "wall_seconds": 3.5
      },
      "knn_geo": {
        "MAE": 186.17017773233633,
        "MAPE": 10.286591341103094,
        "MedianAPE": 7.718409121412642,
        "RMSE": 298.37448066724176,
        "MedianAE": 123.83161957781647,
        "R2": 0.7805389181786175,
        "best_iteration": 15,
        "wall_seconds": 0.1
      },
      "knn_lean": {
        "MAE": 203.8887803840099,
        "MAPE": 11.210607547682178,
        "MedianAPE": 8.186822694769381,
        "RMSE": 336.047495078311,
        "MedianAE": 125.7137570828429,
        "R2": 0.7216216294294472,
        "best_iteration": 25,
        "wall_seconds": 0.0
      }
    },
    {
      "fold": 2,
      "n_train": 5509,
      "n_valid": 1378,
      "lgbm_l1": {
        "MAE": 80.57427336054201,
        "MAPE": 4.083989420038609,
        "MedianAPE": 2.5545495323476284,
        "RMSE": 157.66785627255598,
        "MedianAE": 41.10280219378501,
        "R2": 0.9461581876246168,
        "best_iteration": 805,
        "wall_seconds": 22.6
      },
      "cat_q50": {
        "MAE": 67.7167895030715,
        "MAPE": 3.3616181462133237,
        "MedianAPE": 1.6250929727745271,
        "RMSE": 147.37999320612087,
        "MedianAE": 26.544635963558676,
        "R2": 0.9529553318866393,
        "best_iteration": 1703,
        "wall_seconds": 5.5
      },
      "knn_geo": {
        "MAE": 202.42728064605006,
        "MAPE": 10.576769297732149,
        "MedianAPE": 8.245995672502241,
        "RMSE": 329.5719182862394,
        "MedianAE": 131.4719973656595,
        "R2": 0.7647477724341634,
        "best_iteration": 15,
        "wall_seconds": 0.1
      },
      "knn_lean": {
        "MAE": 213.80612085480288,
        "MAPE": 11.395870766719984,
        "MedianAPE": 8.491540434319884,
        "RMSE": 333.79886697025745,
        "MedianAE": 141.4198166321912,
        "R2": 0.75867458532532,
        "best_iteration": 25,
        "wall_seconds": 0.0
      }
    },
    {
      "fold": 3,
      "n_train": 5510,
      "n_valid": 1377,
      "lgbm_l1": {
        "MAE": 102.06970197468273,
        "MAPE": 3.992322334909748,
        "MedianAPE": 2.2817672110803264,
        "RMSE": 527.3116105398134,
        "MedianAE": 37.586548361809264,
        "R2": 0.6692253485204415,
        "best_iteration": 1345,
        "wall_seconds": 36.5
      },
      "cat_q50": {
        "MAE": 91.50142436561282,
        "MAPE": 3.4268211057718183,
        "MedianAPE": 1.430909812821852,
        "RMSE": 482.52036199217054,
        "MedianAE": 23.953024775654967,
        "R2": 0.7230324797746229,
        "best_iteration": 2316,
        "wall_seconds": 7.1
      },
      "knn_geo": {
        "MAE": 224.22255106537887,
        "MAPE": 10.729145922025594,
        "MedianAPE": 8.318104773480245,
        "RMSE": 584.8301277516279,
        "MedianAE": 137.49743367324731,
        "R2": 0.5931287272298853,
        "best_iteration": 15,
        "wall_seconds": 0.1
      },
      "knn_lean": {
        "MAE": 236.50894233839665,
        "MAPE": 11.586319320940653,
        "MedianAPE": 8.78179117866872,
        "RMSE": 555.330541712703,
        "MedianAE": 140.65618027606183,
        "R2": 0.6331397386704507,
        "best_iteration": 25,
        "wall_seconds": 0.0
      }
    },
    {
      "fold": 4,
      "n_train": 5510,
      "n_valid": 1377,
      "lgbm_l1": {
        "MAE": 91.30330607007143,
        "MAPE": 3.967511520746567,
        "MedianAPE": 2.000559253604842,
        "RMSE": 288.2726101449023,
        "MedianAE": 32.19048035918104,
        "R2": 0.8626384245986838,
        "best_iteration": 1293,
        "wall_seconds": 35.1
      },
      "cat_q50": {
        "MAE": 82.13902048571562,
        "MAPE": 3.701341695724283,
        "MedianAPE": 1.5251090221252923,
        "RMSE": 250.0135066535712,
        "MedianAE": 25.889725226160635,
        "R2": 0.896679750728808,
        "best_iteration": 2415,
        "wall_seconds": 7.7
      },
      "knn_geo": {
        "MAE": 226.89524145045533,
        "MAPE": 11.364063019932406,
        "MedianAPE": 8.616390437980105,
        "RMSE": 436.35692899286784,
        "MedianAE": 141.03409678914636,
        "R2": 0.685267018789351,
        "best_iteration": 15,
        "wall_seconds": 0.1
      },
      "knn_lean": {
        "MAE": 231.39348337348744,
        "MAPE": 11.83099777384244,
        "MedianAPE": 9.115915411292272,
        "RMSE": 429.1316666627836,
        "MedianAE": 149.9943517427664,
        "R2": 0.6956035179030454,
        "best_iteration": 25,
        "wall_seconds": 0.0
      }
    },
    {
      "fold": 5,
      "n_train": 5510,
      "n_valid": 1377,
      "lgbm_l1": {
        "MAE": 84.05734234393998,
        "MAPE": 3.9872944825138847,
        "MedianAPE": 2.380860276724865,
        "RMSE": 196.6692014389557,
        "MedianAE": 37.80693982616481,
        "R2": 0.9186924093500896,
        "best_iteration": 1382,
        "wall_seconds": 37.5
      },
      "cat_q50": {
        "MAE": 72.08229286775443,
        "MAPE": 3.3912918863646015,
        "MedianAPE": 1.4561999522620674,
        "RMSE": 183.56271149581912,
        "MedianAE": 23.701733878638834,
        "R2": 0.9291683576473082,
        "best_iteration": 1666,
        "wall_seconds": 5.6
      },
      "knn_geo": {
        "MAE": 214.24545187694977,
        "MAPE": 10.923933268398006,
        "MedianAPE": 9.04927105078195,
        "RMSE": 358.9666875296407,
        "MedianAE": 142.33352150146038,
        "R2": 0.7291264009086574,
        "best_iteration": 15,